Workbook

Sheet Read Me

Sheet Dashboard
C13: SELECTIONS | E13: INPUTS | J13: OUTPUTS
F14: Value | G14: Coefficients | H14: Weighted Value
C15: GDP Tier and PPP | E15: X | J15: X - the predicted natural log of the median | K15: =SUM(H16:H27) -> 2.3501879
C16: Tier 1 (GDP available), 2021 PPPs | E16: Intercept | F16: 1 | G16: =_xlfn.XLOOKUP($C$16,'Estimated Coefficients'!$B$2:$E$2,'Estimated Coefficients'!$B4:$E4) -> -2.2640446 | H16: =F16*G16 -> -2.2640446 | J16: Z - the predicted Gini coefficient | K16: =SUM(H29:H32) -> 0.34648927
E17: Natural Log GDP per capita | F17: =LN(12276) -> 9.4154014 | G17: =_xlfn.XLOOKUP($C$16,'Estimated Coefficients'!$B$2:$E$2,'Estimated Coefficients'!$B5:$E5) -> 0.43163307 | H17: =F17*G17 -> 4.0639986 | J17: Poverty Rate | K17: =(1+(EXP(K15)/C19)^(1/K16))^-1 -> 0.33734452
C18: Poverty Line (2017/2021 PPP per day) | E18: Natural Log under-5 mortality | F18: =LN(14.8) -> 2.6946272 | G18: =_xlfn.XLOOKUP($C$16,'Estimated Coefficients'!$B$2:$E$2,'Estimated Coefficients'!$B6:$E6) -> -0.15322289 | H18: =F18*G18 -> -0.41287856
C19: 8.3 | E19: Life expectancy (year) | F19: 71.1 | G19: =_xlfn.XLOOKUP($C$16,'Estimated Coefficients'!$B$2:$E$2,'Estimated Coefficients'!$B7:$E7) -> 0.014232587 | H19: =F19*G19 -> 1.0119369
E20: Rural population share (%) | F20: 18.1 | G20: =_xlfn.XLOOKUP($C$16,'Estimated Coefficients'!$B$2:$E$2,'Estimated Coefficients'!$B8:$E8) -> -0.002697485 | H20: =F20*G20 -> -0.048824479
C21: Income Group | E21: Income group
C22: Low income | E22: Low income | F22: =IF(E22=$C$22,1) -> 1 | G22: =_xlfn.XLOOKUP($C$16,'Estimated Coefficients'!$B$2:$E$2,'Estimated Coefficients'!$B10:$E10) -> 0 | H22: =F22*G22 -> 0
E23: Lower-middle income | F23: =IF(E23=$C$22,1) -> FALSE | G23: =_xlfn.XLOOKUP($C$16,'Estimated Coefficients'!$B$2:$E$2,'Estimated Coefficients'!$B11:$E11) -> 0 | H23: =F23*G23 -> 0
C24: Regional Group | E24: Upper-middle income | F24: =IF(E24=$C$22,1) -> FALSE | G24: =_xlfn.XLOOKUP($C$16,'Estimated Coefficients'!$B$2:$E$2,'Estimated Coefficients'!$B12:$E12) -> 0 | H24: =F24*G24 -> 0
C25: Middle East & North America | E25: High income | F25: =IF(E25=$C$22,1) -> FALSE | G25: =_xlfn.XLOOKUP($C$16,'Estimated Coefficients'!$B$2:$E$2,'Estimated Coefficients'!$B13:$E13) -> 0 | H25: =F25*G25 -> 0
E26: Welfare type (income=1) | F26: =IF(C28="Income", 1,0) -> 0 | G26: =_xlfn.XLOOKUP($C$16,'Estimated Coefficients'!$B$2:$E$2,'Estimated Coefficients'!$B14:$E14) -> -4.1401951 | H26: =F26*G26 -> 0
C27: Welfare Type | E27: Welfare type * ln GDP pc | F27: =F26*F17 -> 0 | G27: =_xlfn.XLOOKUP($C$16,'Estimated Coefficients'!$B$2:$E$2,'Estimated Coefficients'!$B15:$E15) -> 0.43278085 | H27: =F27*G27 -> 0
C28: Consumption | E28: Z
E29: Intercept | F29: 1 | G29: =_xlfn.XLOOKUP($C$16,'Estimated Coefficients'!$B$2:$E$2,'Estimated Coefficients'!$B17:$E17) -> 0.34648927 | H29: =F29*G29 -> 0.34648927
E30: Europe & Central Asia | F30: =IF(E30=$C$25,1,0) -> 0 | G30: =_xlfn.XLOOKUP($C$16,'Estimated Coefficients'!$B$2:$E$2,'Estimated Coefficients'!$B18:$E18) -> -0.026387236 | H30: =F30*G30 -> 0
E31: Latin America & Caribbean | F31: =IF(E31=$C$25,1,0) -> 0 | G31: =_xlfn.XLOOKUP($C$16,'Estimated Coefficients'!$B$2:$E$2,'Estimated Coefficients'!$B19:$E19) -> 0.14816256 | H31: =F31*G31 -> 0
E32: Sub-Saharan Africa | F32: =IF(E32=$C$25,1,0) -> 0 | G32: =_xlfn.XLOOKUP($C$16,'Estimated Coefficients'!$B$2:$E$2,'Estimated Coefficients'!$B20:$E20) -> 0.060945453 | H32: =F32*G32 -> 0

Sheet Input_Data
A1: year | B1: country code | C1: Europe & Central Asia | D1: Latin America & Caribbean | E1: Sub-Saharan Africa | F1: Lower-middle income | G1: Upper-middle income | H1: High income | I1: Welfare Type: Income = 1 | J1: Natural Log GDP per capita (2021 PPP) | K1: Natural Log GDP per capita (2017 PPP) | L1: Rural population share (%) | M1: Life expectancy (year) | N1: Natural Log under-5 mortality
A2: 1981 | B2: ABW | C2: 0 | D2: 1 | E2: 0 | F2: 0 | G2: 0 | H2: 1 | I2: 1 | L2: 49.544 | M2: 71.344 | N2: 25.796
A3: 1981 | B3: AFG | C3: 0 | D3: 0 | E3: 0 | F3: 0 | G3: 0 | H3: 0 | I3: 0 | L3: 83.438 | M3: 39.406 | N3: 257.098
A4: 1981 | B4: AGO | C4: 0 | D4: 0 | E4: 1 | F4: 1 | G4: 0 | H4: 0 | I4: 0 | J4: 8218.2725 | K4: 6355.6076 | L4: 74.563 | M4: 42.556 | N4: 241.034
A5: 1981 | B5: ALB | C5: 1 | D5: 0 | E5: 0 | F5: 1 | G5: 0 | H5: 0 | I5: 0 | J5: 5351.0464 | K5: 4847.8026 | L5: 65.976 | M5: 70.145 | N5: 58.19
A6: 1981 | B6: AND | C6: 1 | D6: 0 | E6: 0 | F6: 0 | G6: 0 | H6: 1 | I6: 1 | J6: 52953.373 | K6: 44450.313 | L6: 7.2 | M6: 77.391 | N6: 13.086
A7: 1981 | B7: ARE | C7: 0 | D7: 0 | E7: 0 | F7: 0 | G7: 0 | H7: 1 | I7: 1 | J7: 212308.22 | K7: 209753.87 | L7: 19.317 | M7: 68.622 | N7: 32.265
A8: 1981 | B8: ARG | C8: 0 | D8: 1 | E8: 0 | F8: 0 | G8: 1 | H8: 0 | I8: 0 | J8: 20693.303 | K8: 17078.386 | L8: 16.687 | M8: 68.858 | N8: 39.655
A9: 1981 | B9: ARM | C9: 1 | D9: 0 | E9: 0 | F9: 1 | G9: 0 | H9: 0 | I9: 0 | L9: 33.741 | M9: 65.707 | N9: 70.54
A10: 1981 | B10: ASM | C10: 0 | D10: 0 | E10: 0 | F10: 0 | G10: 0 | H10: 1 | I10: 1 | L10: 24.957 | M10: 69.731 | N10: 20.495
A11: 1981 | B11: ATG | C11: 0 | D11: 1 | E11: 0 | F11: 0 | G11: 1 | H11: 0 | I11: 0 | J11: 12124.147 | K11: 9548.9394 | L11: 65.302 | M11: 73.32 | N11: 15.147
A12: 1981 | B12: AUS | C12: 0 | D12: 0 | E12: 0 | F12: 0 | G12: 0 | H12: 1 | I12: 1 | J12: 30186.63 | K12: 26146.197 | L12: 14.3 | M12: 74.783 | N12: 12.637
A13: 1981 | B13: AUT | C13: 1 | D13: 0 | E13: 0 | F13: 0 | G13: 0 | H13: 1 | I13: 1 | J13: 37303.843 | K13: 31788.676 | L13: 34.636 | M13: 72.99 | N13: 14.98
A14: 1981 | B14: AZE | C14: 1 | D14: 0 | E14: 0 | F14: 1 | G14: 0 | H14: 0 | I14: 0 | L14: 47.103 | M14: 61.908 | N14: 110.79
A15: 1981 | B15: BDI | C15: 0 | D15: 0 | E15: 1 | F15: 0 | G15: 0 | H15: 0 | I15: 0 | J15: 1166.1398 | K15: 1007.6652 | L15: 95.497 | M15: 46.412 | N15: 211.38
A16: 1981 | B16: BEL | C16: 1 | D16: 0 | E16: 0 | F16: 0 | G16: 0 | H16: 1 | I16: 1 | J16: 35492.13 | K16: 29867.217 | L16: 4.465 | M16: 73.652 | N16: 13.741
A17: 1981 | B17: BEN | C17: 0 | D17: 0 | E17: 1 | F17: 0 | G17: 0 | H17: 0 | I17: 0 | J17: 2282.6973 | K17: 2165.7133 | L17: 71.99 | M17: 48.122 | N17: 208.054
A18: 1981 | B18: BFA | C18: 0 | D18: 0 | E18: 1 | F18: 0 | G18: 0 | H18: 0 | I18: 0 | J18: 1000.3783 | K18: 915.28317 | L18: 90.572 | M18: 46.866 | N18: 235.973
A19: 1981 | B19: BGD | C19: 0 | D19: 0 | E19: 0 | F19: 0 | G19: 0 | H19: 0 | I19: 0 | J19: 1864.1241 | K19: 1515.5228 | L19: 84.199 | M19: 52.638 | N19: 199.597
A20: 1981 | B20: BGR | C20: 1 | D20: 0 | E20: 0 | F20: 1 | G20: 0 | H20: 0 | I20: 0 | J20: 10716.679 | K20: 8892.6947 | L20: 37.397 | M20: 71.478 | N20: 22.857
A21: 1981 | B21: BHR | C21: 0 | D21: 0 | E21: 0 | F21: 0 | G21: 0 | H21: 1 | I21: 1 | J21: 51912.87 | K21: 48370.453 | L21: 13.683 | M21: 71.037 | N21: 30.977
A22: 1981 | B22: BHS | C22: 0 | D22: 1 | E22: 0 | F22: 0 | G22: 0 | H22: 1 | I22: 1 | J22: 29490.689 | K22: 30590.279 | L22: 26.157 | M22: 69.368 | N22: 32.015
A23: 1981 | B23: BIH | C23: 1 | D23: 0 | E23: 0 | F23: 0 | G23: 1 | H23: 0 | I23: 0 | L23: 63.718 | M23: 70.055 | N23: 31.85
A24: 1981 | B24: BLR | C24: 1 | D24: 0 | E24: 0 | F24: 0 | G24: 1 | H24: 0 | I24: 0 | L24: 42.416 | M24: 70.754 | N24: 19.775
A25: 1981 | B25: BLZ | C25: 0 | D25: 1 | E25: 0 | F25: 1 | G25: 0 | H25: 0 | I25: 0 | J25: 6959.6741 | K25: 5484.8717 | L25: 50.817 | M25: 67.095 | N25: 62.228
A26: 1981 | B26: BMU | C26: 0 | D26: 0 | E26: 0 | F26: 0 | G26: 0 | H26: 1 | I26: 1 | J26: 77235.608 | K26: 68621.051 | L26: 0 | M26: 72.892 | N26: 17.205
A27: 1981 | B27: BOL | C27: 0 | D27: 1 | E27: 0 | F27: 1 | G27: 0 | H27: 0 | I27: 0 | J27: 6424.0751 | K27: 5669.5689 | L27: 53.541 | M27: 52.259 | N27: 201.04
A28: 1981 | B28: BRA | C28: 0 | D28: 1 | E28: 0 | F28: 0 | G28: 1 | H28: 0 | I28: 0 | J28: 12620.97 | K28: 10366.98 | L28: 33.63 | M28: 62.267 | N28: 91.491
A29: 1981 | B29: BRB | C29: 0 | D29: 1 | E29: 0 | F29: 0 | G29: 1 | H29: 0 | I29: 0 | J29: 15342.781 | K29: 14653.884 | L29: 60.172 | M29: 72.63 | N29: 25.817
A30: 1981 | B30: BRN | C30: 0 | D30: 0 | E30: 0 | F30: 0 | G30: 0 | H30: 1 | I30: 1 | J30: 210011.31 | K30: 163977.77 | L30: 34.901 | M30: 69.344 | N30: 20.113
A31: 1981 | B31: BTN | C31: 0 | D31: 0 | E31: 0 | F31: 0 | G31: 0 | H31: 0 | I31: 0 | J31: 1952.1625 | K31: 1690.8196 | L31: 89.354 | M31: 48.975 | N31: 187.475
A32: 1981 | B32: BWA | C32: 0 | D32: 0 | E32: 1 | F32: 1 | G32: 0 | H32: 0 | I32: 0 | J32: 5419.0837 | K32: 4903.1134 | L32: 82.448 | M32: 63.027 | N32: 68.666
A33: 1981 | B33: CAF | C33: 0 | D33: 0 | E33: 1 | F33: 0 | G33: 0 | H33: 0 | I33: 0 | J33: 1486.3275 | K33: 1190.0286 | L33: 65.798 | M33: 50.028 | N33: 186.181
A34: 1981 | B34: CAN | C34: 0 | D34: 0 | E34: 0 | F34: 0 | G34: 0 | H34: 1 | I34: 1 | J34: 34781.288 | K34: 30107.259 | L34: 24.288 | M34: 75.482 | N34: 11.684
A35: 1981 | B35: CHE | C35: 1 | D35: 0 | E35: 0 | F35: 0 | G35: 0 | H35: 1 | I35: 1 | J35: 55982.187 | K35: 48702.65 | L35: 25.534 | M35: 75.818 | N35: 9.731
A36: 1981 | B36: CHI | C36: 1 | D36: 0 | E36: 0 | F36: 0 | G36: 0 | H36: 1 | I36: 1 | L36: 68.091 | M36: 73.78165 | N36: 22.811602
A37: 1981 | B37: CHL | C37: 0 | D37: 1 | E37: 0 | F37: 1 | G37: 0 | H37: 0 | I37: 0 | J37: 9745.3783 | K37: 8489.0231 | L37: 18.222 | M37: 69.822 | N37: 31.889
A38: 1981 | B38: CHN | C38: 0 | D38: 0 | E38: 0 | F38: 0 | G38: 0 | H38: 0 | I38: 0 | J38: 812.666 | K38: 728.50245 | L38: 79.882 | M38: 64.778 | N38: 61.63
A39: 1981 | B39: CIV | C39: 0 | D39: 0 | E39: 1 | F39: 1 | G39: 0 | H39: 0 | I39: 0 | J39: 6901.1722 | K39: 5825.6057 | L39: 62.956 | M39: 51.791 | N39: 165.814
A40: 1981 | B40: CMR | C40: 0 | D40: 0 | E40: 1 | F40: 1 | G40: 0 | H40: 0 | I40: 0 | J40: 3980.205 | K40: 3125.307 | L40: 67.239 | M40: 51.227 | N40: 171.85
A41: 1981 | B41: COD | C41: 0 | D41: 0 | E41: 1 | F41: 0 | G41: 0 | H41: 0 | I41: 0 | J41: 2469.5135 | K41: 1977.0049 | L41: 72.673 | M41: 45.726 | N41: 209.199
A42: 1981 | B42: COG | C42: 0 | D42: 0 | E42: 1 | F42: 1 | G42: 0 | H42: 0 | I42: 0 | J42: 6959.0349 | K42: 4195.2209 | L42: 51.219 | M42: 57.065 | N42: 103.778
A43: 1981 | B43: COL | C43: 0 | D43: 1 | E43: 0 | F43: 1 | G43: 0 | H43: 0 | I43: 0 | J43: 9076.047 | K43: 7556.8028 | L43: 35.592 | M43: 67.189 | N43: 55.204
A44: 1981 | B44: COM | C44: 0 | D44: 0 | E44: 1 | F44: 0 | G44: 0 | H44: 0 | I44: 0 | J44: 2405.1391 | K44: 2487.2208 | L44: 76.351 | M44: 51.211 | N44: 169.841
A45: 1981 | B45: CPV | C45: 0 | D45: 0 | E45: 1 | F45: 1 | G45: 0 | H45: 0 | I45: 0 | J45: 1260.7601 | K45: 1215.0123 | L45: 75.005 | M45: 61.299 | N45: 79.867
A46: 1981 | B46: CRI | C46: 0 | D46: 1 | E46: 0 | F46: 1 | G46: 0 | H46: 0 | I46: 0 | J46: 11306.116 | K46: 10122.981 | L46: 56.55 | M46: 73.441 | N46: 24.4
A47: 1981 | B47: CUB | C47: 0 | D47: 1 | E47: 0 | F47: 1 | G47: 0 | H47: 0 | I47: 0 | L47: 31.147 | M47: 72.996 | N47: 22.146
A48: 1981 | B48: CUW | C48: 0 | D48: 1 | E48: 0 | F48: 0 | G48: 0 | H48: 1 | I48: 1 | L48: 17.922 | M48: 71.175 | N48: 22.839
A49: 1981 | B49: CYM | C49: 0 | D49: 1 | E49: 0 | F49: 0 | G49: 0 | H49: 1 | I49: 1 | L49: 0 | M49: 69.951 | N49: 18.935
A50: 1981 | B50: CYP | C50: 1 | D50: 0 | E50: 0 | F50: 0 | G50: 1 | H50: 0 | I50: 0 | J50: 18432.256 | K50: 16420.231 | L50: 39.191 | M50: 73.053 | N50: 19.584
A51: 1981 | B51: CZE | C51: 1 | D51: 0 | E51: 0 | F51: 0 | G51: 1 | H51: 0 | I51: 0 | L51: 24.519 | M51: 70.772 | N51: 17.155
A52: 1981 | B52: DEU | C52: 1 | D52: 0 | E52: 0 | F52: 0 | G52: 0 | H52: 1 | I52: 1 | J52: 35899.158 | K52: 31126.442 | L52: 27.011 | M52: 73.331 | N52: 14.054
A53: 1981 | B53: DJI | C53: 0 | D53: 0 | E53: 0 | F53: 1 | G53: 0 | H53: 0 | I53: 0 | L53: 26.972 | M53: 52.355 | N53: 150.08
A54: 1981 | B54: DMA | C54: 0 | D54: 1 | E54: 0 | F54: 1 | G54: 0 | H54: 0 | I54: 0 | J54: 6804.4509 | K54: 5295.4165 | L54: 52.207 | M54: 71.46 | N54: 23.874
A55: 1981 | B55: DNK | C55: 1 | D55: 0 | E55: 0 | F55: 0 | G55: 0 | H55: 1 | I55: 1 | J55: 37562.636 | K55: 31745.952 | L55: 16.085 | M55: 74.251 | N55: 9.52
A56: 1981 | B56: DOM | C56: 0 | D56: 1 | E56: 0 | F56: 1 | G56: 0 | H56: 0 | I56: 0 | J56: 6768.1222 | K56: 5846.4732 | L56: 47.599 | M56: 63.776 | N56: 91.499
A57: 1981 | B57: DZA | C57: 0 | D57: 0 | E57: 0 | F57: 0 | G57: 1 | H57: 0 | I57: 0 | J57: 11971.176 | K57: 10470.399 | L57: 55.58 | M57: 57.422 | N57: 132.205
A58: 1981 | B58: ECU | C58: 0 | D58: 1 | E58: 0 | F58: 1 | G58: 0 | H58: 0 | I58: 0 | J58: 9159.0037 | K58: 7617.9809 | L58: 52.112 | M58: 63.809 | N58: 86.18
A59: 1981 | B59: EGY | C59: 0 | D59: 0 | E59: 0 | F59: 1 | G59: 0 | H59: 0 | I59: 0 | J59: 6213.4254 | K59: 4930.8697 | L59: 56.126 | M59: 56.454 | N59: 157.396
A60: 1981 | B60: ERI | C60: 0 | D60: 0 | E60: 1 | F60: 0 | G60: 0 | H60: 0 | I60: 0 | L60: 85.428 | M60: 44.974 | N60: 191.045
A61: 1981 | B61: ESP | C61: 1 | D61: 0 | E61: 0 | F61: 0 | G61: 0 | H61: 1 | I61: 1 | J61: 25515.186 | K61: 22454.042 | L61: 26.721 | M61: 75.706 | N61: 14.211
A62: 1981 | B62: EST | C62: 1 | D62: 0 | E62: 0 | F62: 0 | G62: 1 | H62: 0 | I62: 0 | L62: 30.076 | M62: 69.336 | N62: 22.339
A63: 1981 | B63: ETH | C63: 0 | D63: 0 | E63: 1 | F63: 0 | G63: 0 | H63: 0 | I63: 0 | J63: 978.21801 | K63: 882.24543 | L63: 89.39 | M63: 43.084 | N63: 238.171
A64: 1981 | B64: FIN | C64: 1 | D64: 0 | E64: 0 | F64: 0 | G64: 0 | H64: 1 | I64: 1 | J64: 29781.069 | K64: 25036.433 | L64: 27.472 | M64: 73.965 | N64: 7.88
A65: 1981 | B65: FJI | C65: 0 | D65: 0 | E65: 0 | F65: 1 | G65: 0 | H65: 0 | I65: 0 | J65: 8991.8832 | K65: 8805.7755 | L65: 62.081 | M65: 62.255 | N65: 42.485
A66: 1981 | B66: FRA | C66: 1 | D66: 0 | E66: 0 | F66: 0 | G66: 0 | H66: 1 | I66: 1 | J66: 32518.213 | K66: 27149.417 | L66: 26.648 | M66: 74.397 | N66: 12.204
A67: 1981 | B67: FRO | C67: 1 | D67: 0 | E67: 0 | F67: 0 | G67: 0 | H67: 1 | I67: 1 | L67: 68.899 | M67: 75.831 | N67: 13.514
A68: 1981 | B68: FSM | C68: 0 | D68: 0 | E68: 0 | F68: 1 | G68: 0 | H68: 0 | I68: 0 | J68: 3144.545 | K68: 2846.2471 | L68: 73.583 | M68: 62.668 | N68: 59.143
A69: 1981 | B69: GAB | C69: 0 | D69: 0 | E69: 1 | F69: 0 | G69: 1 | H69: 0 | I69: 0 | J69: 26869.302 | K69: 20330.387 | L69: 43 | M69: 58.332 | N69: 115.625
A70: 1981 | B70: GBR | C70: 1 | D70: 0 | E70: 0 | F70: 0 | G70: 0 | H70: 1 | I70: 1 | J70: 26414.979 | K70: 22757.301 | L70: 21.412 | M70: 73.916 | N70: 13.062
A71: 1981 | B71: GEO | C71: 1 | D71: 0 | E71: 0 | F71: 1 | G71: 0 | H71: 0 | I71: 0 | J71: 12302.148 | K71: 10393.909 | L71: 47.164 | M71: 68.741 | N71: 56.956
A72: 1981 | B72: GHA | C72: 0 | D72: 0 | E72: 1 | F72: 0 | G72: 0 | H72: 0 | I72: 0 | J72: 2922.771 | K72: 2521.5995 | L72: 68.612 | M72: 51.313 | N72: 165.953
A73: 1981 | B73: GIB | C73: 1 | D73: 0 | E73: 0 | F73: 0 | G73: 1 | H73: 0 | I73: 0 | L73: 0 | M73: 73.999 | N73: 27.275
A74: 1981 | B74: GIN | C74: 0 | D74: 0 | E74: 1 | F74: 0 | G74: 0 | H74: 0 | I74: 0 | J74: 1997.3888 | K74: 1610.4263 | L74: 75.497 | M74: 43.33 | N74: 276.708
A75: 1981 | B75: GMB | C75: 0 | D75: 0 | E75: 1 | F75: 0 | G75: 0 | H75: 0 | I75: 0 | J75: 2758.1714 | K75: 2220.0438 | L75: 70.744 | M75: 44.489 | N75: 223.398
A76: 1981 | B76: GNB | C76: 0 | D76: 0 | E76: 1 | F76: 0 | G76: 0 | H76: 0 | I76: 0 | J76: 1857.1331 | K76: 1670.674 | L76: 81.117 | M76: 43.926 | N76: 255.962
A77: 1981 | B77: GNQ | C77: 0 | D77: 0 | E77: 1 | F77: 0 | G77: 0 | H77: 0 | I77: 0 | J77: 1327.2378 | K77: 1099.6335 | L77: 72.035 | M77: 49.107 | N77: 207.453
A78: 1981 | B78: GRC | C78: 1 | D78: 0 | E78: 0 | F78: 0 | G78: 1 | H78: 0 | I78: 0 | J78: 26302.614 | K78: 23545.945 | L78: 30.254 | M78: 74.909 | N78: 18.449
A79: 1981 | B79: GRD | C79: 0 | D79: 1 | E79: 0 | F79: 1 | G79: 0 | H79: 0 | I79: 0 | J79: 6202.5877 | K79: 5723.1591 | L79: 67.022 | M79: 68.348 | N79: 34.711
A80: 1981 | B80: GRL | C80: 1 | D80: 0 | E80: 0 | F80: 0 | G80: 0 | H80: 1 | I80: 1 | J80: 38070.708 | K80: 34460.393 | L80: 23.503 | M80: 62.331 | N80: 44.23
A81: 1981 | B81: GTM | C81: 0 | D81: 1 | E81: 0 | F81: 1 | G81: 0 | H81: 0 | I81: 0 | J81: 9129.1051 | K81: 7930.2314 | L81: 60.953 | M81: 54.709 | N81: 117.301
A82: 1981 | B82: GUM | C82: 0 | D82: 0 | E82: 0 | F82: 0 | G82: 0 | H82: 1 | I82: 1 | L82: 6.509 | M82: 71.18 | N82: 16.44
A83: 1981 | B83: GUY | C83: 0 | D83: 1 | E83: 0 | F83: 0 | G83: 0 | H83: 0 | I83: 0 | J83: 6766.3783 | K83: 6471.223 | L83: 69.604 | M83: 60.91 | N83: 69.697
A84: 1981 | B84: HKG | C84: 0 | D84: 0 | E84: 0 | F84: 0 | G84: 0 | H84: 1 | I84: 1 | J84: 19234.729 | K84: 17359.409 | L84: 8.206 | M84: 74.598 | N84: 13.511
A85: 1981 | B85: HND | C85: 0 | D85: 1 | E85: 0 | F85: 1 | G85: 0 | H85: 0 | I85: 0 | J85: 4507.3208 | K85: 4153.3971 | L85: 64.565 | M85: 61.033 | N85: 90.246
A86: 1981 | B86: HRV | C86: 1 | D86: 0 | E86: 0 | F86: 0 | G86: 1 | H86: 0 | I86: 0 | L86: 52.113 | M86: 70.876 | N86: 21.65
A87: 1981 | B87: HTI | C87: 0 | D87: 1 | E87: 0 | F87: 0 | G87: 0 | H87: 0 | I87: 0 | J87: 4889.5132 | K87: 4699.5837 | L87: 79.432 | M87: 50.31 | N87: 185.467
A88: 1981 | B88: HUN | C88: 1 | D88: 0 | E88: 0 | F88: 0 | G88: 1 | H88: 0 | I88: 0 | J88: 17959.221 | K88: 15649.979 | L88: 35.628 | M88: 69.151 | N88: 22.45
A89: 1981 | B89: IDN | C89: 0 | D89: 0 | E89: 0 | F89: 0 | G89: 0 | H89: 0 | I89: 0 | J89: 3700.9438 | K89: 3359.8737 | L89: 77.185 | M89: 59.096 | N89: 117.122
A90: 1981 | B90: IMN | C90: 1 | D90: 0 | E90: 0 | F90: 0 | G90: 0 | H90: 1 | I90: 1 | L90: 48.22 | M90: 68.811 | N90: 50.472
A91: 1981 | B91: IND | C91: 0 | D91: 0 | E91: 0 | F91: 0 | G91: 0 | H91: 0 | I91: 0 | J91: 1640.7256 | K91: 1376.0525 | L91: 76.583 | M91: 54.173 | N91: 164.391
A92: 1981 | B92: IRL | C92: 1 | D92: 0 | E92: 0 | F92: 0 | G92: 0 | H92: 1 | I92: 1 | J92: 24745.19 | K92: 22751.911 | L92: 44.366 | M92: 72.888 | N92: 12.529
A93: 1981 | B93: IRN | C93: 0 | D93: 0 | E93: 0 | F93: 0 | G93: 1 | H93: 0 | I93: 0 | J93: 12371.287 | K93: 12340.293 | L93: 49.566 | M93: 56.625 | N93: 101.354
A94: 1981 | B94: IRQ | C94: 0 | D94: 0 | E94: 0 | F94: 0 | G94: 1 | H94: 0 | I94: 0 | J94: 8575.4663 | K94: 6061.9008 | L94: 33.817 | M94: 58.652 | N94: 69.821
A95: 1981 | B95: ISL | C95: 1 | D95: 0 | E95: 0 | F95: 0 | G95: 0 | H95: 1 | I95: 1 | J95: 34327.504 | K95: 29703.208 | L95: 11.467 | M95: 76.192 | N95: 7.719
A96: 1981 | B96: ISR | C96: 0 | D96: 0 | E96: 0 | F96: 0 | G96: 0 | H96: 1 | I96: 1 | J96: 21703.631 | K96: 19908.245 | L96: 11.06 | M96: 74.195 | N96: 18.136
A97: 1981 | B97: ITA | C97: 1 | D97: 0 | E97: 0 | F97: 0 | G97: 0 | H97: 1 | I97: 1 | J97: 35186.963 | K97: 29971.098 | L97: 33.163 | M97: 74.439 | N97: 15.815
A98: 1981 | B98: JAM | C98: 0 | D98: 1 | E98: 0 | F98: 1 | G98: 0 | H98: 0 | I98: 0 | J98: 7703.591 | K98: 7592.1213 | L98: 52.714 | M98: 69.12 | N98: 36.566
A99: 1981 | B99: JOR | C99: 0 | D99: 0 | E99: 0 | F99: 1 | G99: 0 | H99: 0 | I99: 0 | J99: 9316.611 | K99: 9242.5001 | L99: 38.536 | M99: 66.92 | N99: 52.844
A100: 1981 | B100: JPN | C100: 0 | D100: 0 | E100: 0 | F100: 0 | G100: 0 | H100: 1 | I100: 1 | J100: 25072.486 | K100: 23225.454 | L100: 23.727 | M100: 76.563 | N100: 9.454
...

Sheet Estimated Coefficients
A1: PPP | B1: 2021 PPPs | C1: 2021 PPPs | D1: 2017 PPPs | E1: 2017 PPPs
A2: Tier | B2: Tier 1 (GDP available), 2021 PPPs | C2: Tier 2 (GDP unavailable), 2021 PPPs | D2: Tier 1 (GDP available), 2017 PPPs | E2: Tier 2 (GDP unavailable), 2017 PPPs
A3: X
A4: Intercept | B4: -2.2640446 | C4: 1.604646 | D4: -2.5147202 | E4: 1.4188586
A5: Log GDP per capita | B5: 0.43163307 | C5: 0 | D5: 0.49154653 | E5: 0
A6: Log under-5 mortality | B6: -0.15322289 | C6: -0.2565658 | D6: -0.16449754 | E6: -0.23232238
A7: Life expectancy | B7: 0.014232587 | C7: 0.019700353 | D7: 0.009014481 | E7: 0.018963891
A8: Rural population share | B8: -0.002697485 | C8: -0.007744599 | D8: -0.001307895 | E8: -0.00776163
A9: Income group | B9: 0 | C9: 0 | D9: 0 | E9: 0
A10: Low income | B10: 0 | C10: 0 | D10: 0 | E10: 0
A11: Lower-middle income | B11: 0 | C11: 0.22192086 | D11: 0 | E11: 0.20903477
A12: Upper-middle income | B12: 0 | C12: 0.44856047 | D12: 0 | E12: 0.55203232
A13: High income | B13: 0 | C13: 1.1388756 | D13: 0 | E13: 1.2483051
A14: Welfare type (income=1) | B14: -4.1401951 | C14: 0 | D14: -4.4971338 | E14: 0
A15: Welfare type * log GDP pc | B15: 0.43278085 | C15: 0 | D15: 0.47075135 | E15: 0
... A20: Sub-Saharan Africa | B20: 0.060945453 | C20: 0.066503355 | D20: 0.024563342 | E20: 0.068309194

Sheet Selection List 
A1: Tier Selection
A2: Tier 1 (GDP available), 2021 PPPs
A3: Tier 2 (GDP unavailable), 2021 PPPs
A4: Tier 1 (GDP available), 2017 PPPs
A5: Tier 2 (GDP unavailable), 2017 PPPs
A7: Poverty Line Selection (2021 PPP per day)
A8: 3
A9: 4.2
A10: 8.3
A11: 2.15
A12: 3.65
A13: 6.85
A15: Income Group
A16: Low income
A17: Lower-middle income
A18: Upper-middle income
A19: High income
A21: Regional Group
A22: Europe & Central Asia
A23: Latin America & Caribbean
A24: Sub-Saharan Africa
A25: Middle East & North America
A26: East Asia & Pacific
A27: South Asia
... A32: Income
